{
  "config": {
    "feature": {
      "config": {
        "can_replace": false,
        "project": true,
        "need_water": false,
        "xspread": 7,
        "yspread": 3,
        "zspread": 7,
        "whitelist": [],
        "blacklist": [],
        "tries": 32,
        "state_provider": {
          "entries": [
            {
              "weight": 1,
              "data": {
                "Name": "minecraft:grass"
              }
            },
            {
              "weight": 4,
              "data": {
                "Name": "minecraft:fern"
              }
            }
          ],
          "type": "minecraft:weighted_state_provider"
        },
        "block_placer": {
          "type": "minecraft:simple_block_placer"
        }
      },
      "type": "minecraft:random_patch"
    },
    "decorator": {
      "config": {
        "column_passes": 1,
        "valid_spot_chance": 0.75,
        "skip_top_ledge": false,
        "underside_only": false
      },
      "type": "ultra_amplified_dimension:ledge_surface_placer"
    }
  },
  "type": "minecraft:decorated"
}