{
  "replace": false,
  "values": [
    { "id": "#c:sand", "required": false },
    { "id": "#c:sandstone", "required": false },
    { "id": "#c:stone", "required": false },
    { "id": "#c:netherrack", "required": false },
    { "id": "#c:ores", "required": false },
    { "id": "#c:end_stones", "required": false },
    { "id": "#forge:sand", "required": false },
    { "id": "#forge:sandstone", "required": false },
    { "id": "#forge:stone", "required": false },
    { "id": "#forge:netherrack", "required": false },
    { "id": "#forge:gravel", "required": false },
    { "id": "#forge:ores", "required": false },
    { "id": "#forge:obsidian", "required": false },
    "#minecraft:ice",
    "#minecraft:base_stone_overworld",
    "#minecraft:base_stone_nether",
    "#minecraft:nylium",
    "#minecraft:sand",
    "#ultra_amplified_dimension:terracotta",
    "#ultra_amplified_dimension:dirt_like",
    "minecraft:end_stone",
    "minecraft:clay"
  ]
}