{
  "__comment": "Instructions: https://mods.blakebr0.com/docs/cucumber/tags-config",
  "forge:ingots/constantan": "immersiveengineering:ingot_constantan",
  "forge:ingots/tungsten": "easy_steel:tungsten_ingot",
  "forge:ingots/tin": "easy_steel:tin_ingot",
  "forge:gems/sapphire": "dangerzone:sapphire",
  "forge:ingots/bronze": "easy_steel:bronze_ingot",
  "forge:ingots/copper": "easy_steel:copper_ingot",
  "forge:ingots/electrum": "immersiveengineering:ingot_electrum",
  "forge:silicon": "refinedstorage:silicon",
  "forge:gems/apatite": "null",
  "forge:ingots/silver": "immersiveengineering:ingot_silver",
  "forge:dusts/saltpeter": "immersiveengineering:dust_saltpeter",
  "forge:ingots/steel": "easy_steel:steel_ingot",
  "forge:ingots/platinum": "wyrmroost:platinum_ingot",
  "forge:ingots/lead": "immersiveengineering:ingot_lead",
  "forge:ingots/graphite": "null",
  "forge:ingots/uranium": "immersiveengineering:ingot_uranium",
  "forge:ingots/aluminum": "immersiveengineering:ingot_aluminum",
  "forge:ingots/mithril": "null",
  "forge:ingots/iridium": "null",
  "forge:ingots/zinc": "create:zinc_ingot",
  "forge:ingots/invar": "null",
  "forge:gems/ruby": "null",
  "forge:dusts/niter": "null",
  "forge:ingots/chrome": "null",
  "forge:ingots/brass": "create:brass_ingot",
  "forge:ingots/titanium": "easy_steel:titanium_base_ingot",
  "forge:rubber": "null",
  "forge:dusts/sulfur": "immersiveengineering:dust_sulfur",
  "forge:ingots/nickel": "immersiveengineering:ingot_nickel"
}