{
  "parent": "minecraft:recipes/root",
  "rewards": {
    "recipes": [
      "ultra_amplified_dimension:red_glowsand"
    ]
  },
  "criteria": {
    "has_glowstone_dust": {
      "trigger": "minecraft:inventory_changed",
      "conditions": {
        "items": [
          {
            "item": "minecraft:glowstone_dust"
          }
        ]
      }
    },
    "has_the_recipe": {
      "trigger": "minecraft:recipe_unlocked",
      "conditions": {
        "recipe": "ultra_amplified_dimension:red_glowsand"
      }
    }
  },
  "requirements": [
    [
      "has_glowstone_dust",
      "has_the_recipe"
    ]
  ]
}