{
  "config": {
    "feature": {
      "config": {
        "feature": {
          "config": {
            "feature": {
              "config": {
                "top_state": {
                    "Name": "minecraft:ice"
                },
                "outside_state": {
                    "Name": "minecraft:packed_ice"
                },
                "inside_state": {
                    "Name": "minecraft:blue_ice"
                },
                "place_outside_state_often": false
              },
              "type": "ultra_amplified_dimension:pond"
            },
            "decorator": {
              "config": {
                "bottom_offset": 10,
                "top_offset": 0,
                "maximum": 30
              },
              "type": "minecraft:range"
            }
          },
          "type": "minecraft:decorated"
        },
        "decorator": {
          "config": {},
          "type": "minecraft:square"
        }
      },
      "type": "minecraft:decorated"
    },
    "decorator": {
      "config": {
        "count": 1,
        "extra_chance": 0,
        "extra_count": 0
      },
      "type": "minecraft:count_extra"
    }
  },
  "type": "minecraft:decorated"
}