{
  "config": {
    "feature": {
      "config": {
        "feature": {
          "config": {
            "feature": {
              "config": {
                "replace_air": false,
                "min_air_space": 1,
                "max_air_space": 55,
                "max_num_of_chests": 2,
                "structure_y_offset": -2,
                "air_requirement_is_now_water": true,
                "chest_loottable_resourcelocation": "ultra_amplified_dimension:chests/dungeon/ocean",
                "dungeon_nbt_entries": [
                    {
                        "resourcelocation": "ultra_amplified_dimension:dungeons/ocean_1",
                        "weight": 1
                    },
                    {
                        "resourcelocation": "ultra_amplified_dimension:dungeons/ocean_2",
                        "weight": 1
                    },
                    {
                        "resourcelocation": "ultra_amplified_dimension:dungeons/ocean_3",
                        "weight": 1
                    }
                ],
                "processors": "ultra_amplified_dimension:dungeons/ocean"
              },
              "type": "ultra_amplified_dimension:nbt_dungeon"
            },
            "decorator": {
              "config": {
                "bottom_offset": 1,
                "top_offset": 0,
                "maximum": 160
              },
              "type": "minecraft:range"
            }
          },
          "type": "minecraft:decorated"
        },
        "decorator": {
          "config": {},
          "type": "minecraft:square"
        }
      },
      "type": "minecraft:decorated"
    },
    "decorator": {
      "config": {
        "count": 9,
        "extra_chance": 0,
        "extra_count": 0      
      },
      "type": "minecraft:count_extra"
    }
  },
  "type": "minecraft:decorated"
}