{
    "name": "Day 5",
    "icon": "minecraft:writable_book",
    "category": "journal",
    "sortnum": 4,
    "pages": [
        {
            "type": "text",
            "text": "While getting around the various plateaus, floating islands, and all the craziness of this world I discovered Grapple Hooks. Fortunately, I had a few pieces of Redstone Dust, so I made a wooden hook - I was given a stone hook as a reward! These hooks are wonderful - I can hardly wait to upgrade this to the diamond level!"
        },
        {
            "type": "crafting",
            "title": "Grapple Hooks",
            "recipe": "grapple_hooks:hook_wooden",
            "text": "I found the recipes for iron through diamond hooks are missing, so I have included them $(l:grapple_hook_recipes)here."
        }
    ]
}
