{
    "name": "Dank Storage Mod Showcase",
    "icon": "dankstorage:dank_2",
    "category": "videos",
    "sortnum": 0,
    "pages": [
        {
            "type": "link",
            "text": "This mod showcase by Vortac shows how to you use and upgrade your dank and dock",
            "url": "https://www.youtube.com/watch?v=u3y1k-SJmDE",
            "link_text": "Mod Showcase"
        },
        {
            "type": "spotlight",
            "title": "Dank 1",
            "item": "dankstorage:dank_1"
        }
    ]
}