{
    "name": "Day 2",
    "icon": "minecraft:writable_book",
    "category": "journal",
    "sortnum": 2,
    "pages": [
        {
            "type": "text",
            "text": "I survived the first night I noticed the quest book and was able to get a dirt shelter put up. Today I will work on the quest book some more to see what I can learn. One of the first quests was to gather 64 cobblestone blocks, which resulted in the quest reward of a $(l:dank)Dank level 1 and a Dank Dock!"
        }
    ]
}