{
  "player_spawn_friendly": true,
  "category": "forest",
  "precipitation": "rain",
  "temperature": 0.6,
  "downfall": 0.6,
  "depth": 0.1,
  "scale": 0.2,
  "effects": {
    "mood_sound": {
      "sound": "minecraft:ambient.cave",
      "tick_delay": 6000,
      "block_search_extent": 8,
      "offset": 2.0
    },
    "sky_color": 7907327,
    "fog_color": 12638463,
    "water_color": 4159204,
    "water_fog_color": 329011
  },
  "surface_builder": "minecraft:grass",
  "carvers": {
    "air": [
      "ultra_amplified_dimension:cave_cavity",
      "ultra_amplified_dimension:ravine",
      "ultra_amplified_dimension:long_ravine"
    ],
    "liquid": [
    ]
  },
  "features": [
    [
        "ultra_amplified_dimension:misc/contain_underground_liquids"
    ],
    [
        "ultra_amplified_dimension:ponds/surface_slime",
        "ultra_amplified_dimension:ponds/underground_water_grass",
        "ultra_amplified_dimension:ponds/underground_lava"
    ],
    [
        "ultra_amplified_dimension:columns/vertical_grass",
        "ultra_amplified_dimension:columns/ramp_grass",
        "ultra_amplified_dimension:misc/glow_patch_surface",
        "ultra_amplified_dimension:misc/glow_patch_underground",
        "ultra_amplified_dimension:vegetation/roots/birch",
        "ultra_amplified_dimension:misc/contain_liquid_for_oceans"
    ],
    [
        "ultra_amplified_dimension:dungeons/generic_high",
        "ultra_amplified_dimension:dungeons/generic_middle",
        "ultra_amplified_dimension:dungeons/generic_bottom"
    ],
    [
        "ultra_amplified_dimension:ministructures/hanging_ruins"
    ],
    [],
    [
        "ultra_amplified_dimension:ores/ore_dirt",
        "ultra_amplified_dimension:ores/ore_gravel",
        "ultra_amplified_dimension:ores/ore_granite",
        "ultra_amplified_dimension:ores/ore_diorite",
        "ultra_amplified_dimension:ores/ore_andesite",
        "ultra_amplified_dimension:ores/ore_coal",
        "ultra_amplified_dimension:ores/ore_iron",
        "ultra_amplified_dimension:ores/ore_iron_deep",
        "ultra_amplified_dimension:ores/ore_gold",
        "ultra_amplified_dimension:ores/ore_redstone",
        "ultra_amplified_dimension:ores/ore_diamond",
        "ultra_amplified_dimension:ores/ore_lapis",
        "ultra_amplified_dimension:ores/ore_gold_sealevel",
        "ultra_amplified_dimension:ores/ore_redstone_sealevel",
        "ultra_amplified_dimension:ores/ore_lapis_sealevel",
        "ultra_amplified_dimension:disk/coarse_dirt",
        "ultra_amplified_dimension:disk/clay",
        "ultra_amplified_dimension:disk/gravel"
    ],
    [
      "ultra_amplified_dimension:springs/water",
      "ultra_amplified_dimension:springs/water_narrow_range",
      "ultra_amplified_dimension:springs/lava",
      "ultra_amplified_dimension:springs/lava_narrow_range"
    ],
    [
      "ultra_amplified_dimension:vegetation/flowers/forest",
      "ultra_amplified_dimension:vegetation/trees/birch_forest",
      "ultra_amplified_dimension:vegetation/patch/default_flowers",
      "ultra_amplified_dimension:vegetation/patch/grass_6-08",
      "ultra_amplified_dimension:vegetation/patch/pumpkin",
      "ultra_amplified_dimension:vegetation/patch/sugar_cane",
      "ultra_amplified_dimension:vegetation/underwater/seagrass_short_sparse",
      "ultra_amplified_dimension:vegetation/mushroom/red_normal",
      "ultra_amplified_dimension:vegetation/mushroom/brown_normal"
    ],
    [
      "ultra_amplified_dimension:misc/snow_ice_layer_handler_feature"
    ]
  ],
  "starts": [
    "minecraft:mineshaft",
    "minecraft:stronghold",
    "minecraft:ruined_portal"
  ],
  "spawners": {
    "monster": [
      {
        "type": "minecraft:spider",
        "weight": 100,
        "minCount": 4,
        "maxCount": 4
      },
      {
        "type": "minecraft:zombie",
        "weight": 95,
        "minCount": 4,
        "maxCount": 4
      },
      {
        "type": "minecraft:zombie_villager",
        "weight": 5,
        "minCount": 1,
        "maxCount": 1
      },
      {
        "type": "minecraft:skeleton",
        "weight": 100,
        "minCount": 4,
        "maxCount": 4
      },
      {
        "type": "minecraft:creeper",
        "weight": 100,
        "minCount": 4,
        "maxCount": 4
      },
      {
        "type": "minecraft:slime",
        "weight": 100,
        "minCount": 4,
        "maxCount": 4
      },
      {
        "type": "minecraft:enderman",
        "weight": 10,
        "minCount": 1,
        "maxCount": 4
      },
      {
        "type": "minecraft:witch",
        "weight": 5,
        "minCount": 1,
        "maxCount": 1
      },
      {
        "type": "minecraft:drowned",
        "weight": 50,
        "minCount": 1,
        "maxCount": 5
      },
      {
        "type": "mutantbeasts:mutant_zombie",
        "weight": 20,
        "minCount": 1,
        "maxCount": 2
      },
      {
        "type": "mutantbeasts:mutant_skeleton",
        "weight": 20,
        "minCount": 1,
        "maxCount": 2
      },
      {
        "type": "mutantbeasts:spider_pig",
        "weight": 10,
        "minCount": 1,
        "maxCount": 2
      },
      {
        "type": "mutantbeasts:mutant_creeper",
        "weight": 10,
        "minCount": 1,
        "maxCount": 1
      },
      {
        "type": "mutantbeasts:mutant_enderman",
        "weight": 10,
        "minCount": 1,
        "maxCount": 1
      },
      {
        "type": "mutantbeasts:creeper_minion",
        "weight": 30,
        "minCount": 1,
        "maxCount": 5
      }
    ],
    "creature": [
      {
        "type": "minecraft:sheep",
        "weight": 12,
        "minCount": 4,
        "maxCount": 4
      },
      {
        "type": "minecraft:pig",
        "weight": 10,
        "minCount": 4,
        "maxCount": 4
      },
      {
        "type": "minecraft:chicken",
        "weight": 10,
        "minCount": 4,
        "maxCount": 4
      },
      {
        "type": "minecraft:cow",
        "weight": 8,
        "minCount": 4,
        "maxCount": 4
      }
    ],
    "ambient": [
      {
        "type": "minecraft:bat",
        "weight": 10,
        "minCount": 8,
        "maxCount": 8
      }
    ],
    "water_creature": [
      {
        "type": "minecraft:squid",
        "weight": 10,
        "minCount": 4,
        "maxCount": 4
      },
      {
        "type": "minecraft:dolphin",
        "weight": 2,
        "minCount": 1,
        "maxCount": 2
      }
    ],
    "water_ambient": [
      {
        "type": "minecraft:cod",
        "weight": 10,
        "minCount": 3,
        "maxCount": 6
      }
    ],
    "misc": []
  },
  "spawn_costs": {}
}