{
  "player_spawn_friendly": false,
  "category": "the_end",
  "precipitation": "none",
  "temperature": 0.5,
  "downfall": 0.5,
  "depth": 0.1,
  "scale": 0.2,
  "effects": {
    "mood_sound": {
      "sound": "minecraft:ambient.cave",
      "tick_delay": 6000,
      "block_search_extent": 8,
      "offset": 2.0
    },
    "sky_color": 0,
    "foliage_color": 6050154,
    "grass_color": 7037043,
    "fog_color": 2957865,
    "water_color": 9844124,
    "water_fog_color": 8205710
  },
  "surface_builder": "ultra_amplified_dimension:grassy_end_surface_builder",
  "carvers": {
    "air": [
      "ultra_amplified_dimension:cave_cavity",
      "ultra_amplified_dimension:ravine",
      "ultra_amplified_dimension:long_ravine"
    ],
    "liquid": [
    ]
  },
  "features": [
    [
        "ultra_amplified_dimension:disk/end_island_high",
        "ultra_amplified_dimension:disk/end_island_middle",
        "ultra_amplified_dimension:disk/end_island_low",
        "ultra_amplified_dimension:disk/end_island_underground",
        "ultra_amplified_dimension:misc/contain_underground_liquids"
    ],
    [],
    [
        "ultra_amplified_dimension:columns/vertical_grass",
        "ultra_amplified_dimension:columns/ramp_grass",
        "ultra_amplified_dimension:misc/glow_patch_surface",
        "ultra_amplified_dimension:misc/contain_liquid_for_oceans"
    ],
    [
        "ultra_amplified_dimension:dungeons/end_high",
        "ultra_amplified_dimension:dungeons/end_middle",
        "ultra_amplified_dimension:dungeons/end_bottom"
    ],
    [
        "ultra_amplified_dimension:ministructures/hanging_ruins"
    ],
    [],
    [
        "ultra_amplified_dimension:disk/end_stone_dry_large",
        "ultra_amplified_dimension:disk/end_stone_bricks_dry_high",
        "ultra_amplified_dimension:disk/end_stone_bricks_dry_low",
        "ultra_amplified_dimension:disk/obsidian_dry_large"
    ],
    [
      "ultra_amplified_dimension:springs/water_end"
    ],
    [
      "ultra_amplified_dimension:vegetation/chorus_plant_high",
      "ultra_amplified_dimension:vegetation/chorus_plant_low",
      "ultra_amplified_dimension:vegetation/trees/end_fields",
      "ultra_amplified_dimension:vegetation/patch/grass_fern_1-075",
      "ultra_amplified_dimension:vegetation/patch/berry_bush_ultra_sparse",
      "ultra_amplified_dimension:misc/dragon_egg_extremely_rare",
      "ultra_amplified_dimension:misc/shulker_box_extremely_rare",
      "ultra_amplified_dimension:misc/dragon_head_extremely_rare"
    ],
    [
      "ultra_amplified_dimension:misc/snow_ice_layer_handler_feature"
    ]
  ],
  "starts": [
    "minecraft:end_city"
  ],
  "spawners": {
    "monster": [
      {
        "type": "minecraft:enderman",
        "weight": 10,
        "minCount": 4,
        "maxCount": 4
      }
    ],
    "creature": [],
    "ambient": [],
    "water_creature": [],
    "water_ambient": [],
    "misc": []
  },
  "spawn_costs": {}
}