{
  "player_spawn_friendly": false,
  "category": "beach",
  "precipitation": "snow",
  "temperature": -1,
  "downfall": 0.5,
  "depth": 0.45,
  "scale": 0.3,
  "effects": {
    "mood_sound": {
      "sound": "minecraft:ambient.cave",
      "tick_delay": 6000,
      "block_search_extent": 8,
      "offset": 2.0
    },
    "sky_color": 7907327,
    "fog_color": 12638463,
    "water_color": 13172735,
    "water_fog_color": 13172735
  },
  "surface_builder": "ultra_amplified_dimension:iced_terrain_surface_builder",
  "carvers": {
    "air": [
      "ultra_amplified_dimension:cave_cavity",
      "ultra_amplified_dimension:ravine",
      "ultra_amplified_dimension:long_ravine"
    ],
    "liquid": [
    ]
  },
  "features": [
    [
        "ultra_amplified_dimension:misc/contain_underground_liquids"
    ],
    [
        "ultra_amplified_dimension:ponds/packed_ice",
        "ultra_amplified_dimension:ponds/packed_ice_lower",
        "ultra_amplified_dimension:ponds/blue_ice"
    ],
    [
        "ultra_amplified_dimension:columns/vertical_ice",
        "ultra_amplified_dimension:misc/contain_liquid_for_oceans"
    ],
    [
        "ultra_amplified_dimension:dungeons/icy_high",
        "ultra_amplified_dimension:dungeons/icy_middle",
        "ultra_amplified_dimension:dungeons/icy_bottom"
    ],
    [
        "ultra_amplified_dimension:ministructures/hanging_ruins"
    ],
    [],
    [
        "ultra_amplified_dimension:disk/lapis_dry_above_sealevel",
        "ultra_amplified_dimension:disk/lapis_dry_below_sealevel"
    ],
    [
      "ultra_amplified_dimension:springs/blue_ice_above_sealevel",
      "ultra_amplified_dimension:springs/blue_ice_below_sealevel"
    ],
    [],
    [
      "ultra_amplified_dimension:misc/snow_ice_layer_handler_feature"
    ]
  ],
  "starts": [
    "minecraft:igloo",
    "minecraft:mineshaft",
    "minecraft:stronghold",
    "minecraft:ruined_portal"
  ],
  "creature_spawn_probability": 0.04,
  "spawners": {
    "monster": [
      {
        "type": "minecraft:cave_spider",
        "weight": 150,
        "minCount": 4,
        "maxCount": 4
      },
      {
        "type": "minecraft:skeleton",
        "weight": 20,
        "minCount": 4,
        "maxCount": 4
      },
      {
        "type": "minecraft:stray",
        "weight": 200,
        "minCount": 4,
        "maxCount": 4
      },
      {
        "type": "minecraft:slime",
        "weight": 100,
        "minCount": 4,
        "maxCount": 4
      },
      {
        "type": "mutantbeasts:mutant_zombie",
        "weight": 20,
        "minCount": 1,
        "maxCount": 2
      },
      {
        "type": "mutantbeasts:mutant_skeleton",
        "weight": 20,
        "minCount": 1,
        "maxCount": 2
      },
      {
        "type": "mutantbeasts:spider_pig",
        "weight": 10,
        "minCount": 1,
        "maxCount": 2
      },
      {
        "type": "mutantbeasts:mutant_creeper",
        "weight": 10,
        "minCount": 1,
        "maxCount": 1
      },
      {
        "type": "mutantbeasts:mutant_enderman",
        "weight": 10,
        "minCount": 1,
        "maxCount": 1
      },
      {
        "type": "mutantbeasts:creeper_minion",
        "weight": 30,
        "minCount": 1,
        "maxCount": 5
      },
      {
        "type": "mutantbeasts:mutant_snow_golem",
        "weight": 20,
        "minCount": 1,
        "maxCount": 2
      }
    ],
    "creature": [
      {
        "type": "minecraft:polar_bear",
        "weight": 1,
        "minCount": 1,
        "maxCount": 2
      }
    ],
    "ambient": [
      {
        "type": "minecraft:bat",
        "weight": 10,
        "minCount": 8,
        "maxCount": 8
      }
    ],
    "water_creature": [
      {
        "type": "minecraft:squid",
        "weight": 2,
        "minCount": 1,
        "maxCount": 4
      }
    ],
    "water_ambient": [
      {
        "type": "minecraft:salmon",
        "weight": 5,
        "minCount": 1,
        "maxCount": 5
      }
	],
    "misc": []
  },
  "spawn_costs": {}
}