{
  "player_spawn_friendly": false,
  "category": "ocean",
  "precipitation": "rain",
  "temperature": 0.5,
  "downfall": 0.5,
  "depth": -1.8,
  "scale": 0.1,
  "effects": {
    "mood_sound": {
      "sound": "minecraft:ambient.cave",
      "tick_delay": 6000,
      "block_search_extent": 8,
      "offset": 2.0
    },
    "sky_color": 7907327,
    "foliage_color": 4295760,
    "grass_color": 4624715,
    "fog_color": 12638463,
    "water_color": 4159204,
    "water_fog_color": 329011
  },
  "surface_builder": "ultra_amplified_dimension:deep_ocean_surface_builder",
  "carvers": {
    "air": [
      "ultra_amplified_dimension:cave_cavity",
      "ultra_amplified_dimension:ravine",
      "ultra_amplified_dimension:long_ravine"
    ],
    "liquid": [
      "ultra_amplified_dimension:underwater_cave"
    ]
  },
  "features": [
    [
        "ultra_amplified_dimension:misc/contain_underground_liquids"
    ],
    [
        "ultra_amplified_dimension:ponds/surface_slime",
        "ultra_amplified_dimension:ponds/underground_water_grass",
        "ultra_amplified_dimension:ponds/underground_lava"
    ],
    [
        "ultra_amplified_dimension:misc/glow_patch_underground",
        "ultra_amplified_dimension:misc/contain_liquid_for_oceans"
    ],
    [
        "ultra_amplified_dimension:ministructures/marked_treasure_chest",
        "ultra_amplified_dimension:dungeons/generic_bottom",
        "ultra_amplified_dimension:dungeons/ocean_high",
        "ultra_amplified_dimension:dungeons/ocean_middle",
        "ultra_amplified_dimension:dungeons/ocean_bottom"
    ],
    [],
    [],
    [
        "ultra_amplified_dimension:ores/ore_dirt",
        "ultra_amplified_dimension:ores/ore_gravel",
        "ultra_amplified_dimension:ores/ore_granite",
        "ultra_amplified_dimension:ores/ore_diorite",
        "ultra_amplified_dimension:ores/ore_andesite",
        "ultra_amplified_dimension:ores/ore_coal",
        "ultra_amplified_dimension:ores/ore_iron",
        "ultra_amplified_dimension:ores/ore_iron_deep",
        "ultra_amplified_dimension:ores/ore_gold",
        "ultra_amplified_dimension:ores/ore_redstone",
        "ultra_amplified_dimension:ores/ore_diamond",
        "ultra_amplified_dimension:ores/ore_lapis_dense",
        "ultra_amplified_dimension:ores/ore_gold_sealevel",
        "ultra_amplified_dimension:ores/ore_redstone_sealevel",
        "ultra_amplified_dimension:ores/ore_lapis_sealevel_dense"
    ],
    [
      "ultra_amplified_dimension:springs/water_dense"
    ],
    [
      "ultra_amplified_dimension:vegetation/trees/ocean",
      "ultra_amplified_dimension:vegetation/patch/default_flowers_dense",
      "ultra_amplified_dimension:vegetation/patch/grass_6-06",
      "ultra_amplified_dimension:vegetation/patch/pumpkin",
      "ultra_amplified_dimension:vegetation/patch/sugar_cane_sparse",
      "ultra_amplified_dimension:vegetation/underwater/seagrass_clustered",
      "ultra_amplified_dimension:vegetation/underwater/kelp",
      "ultra_amplified_dimension:vegetation/mushroom/red_normal",
      "ultra_amplified_dimension:vegetation/mushroom/brown_normal"
    ],
    [
      "ultra_amplified_dimension:misc/snow_ice_layer_handler_feature"
    ]
  ],
  "starts": [
    "minecraft:monument",
    "minecraft:mineshaft",
    "minecraft:stronghold",
    "minecraft:shipwreck",
    "minecraft:ruined_portal_ocean"
  ],
  "spawners": {
    "monster": [
      {
        "type": "minecraft:spider",
        "weight": 100,
        "minCount": 4,
        "maxCount": 4
      },
      {
        "type": "minecraft:zombie",
        "weight": 95,
        "minCount": 4,
        "maxCount": 4
      },
      {
        "type": "minecraft:zombie_villager",
        "weight": 5,
        "minCount": 1,
        "maxCount": 1
      },
      {
        "type": "minecraft:skeleton",
        "weight": 100,
        "minCount": 4,
        "maxCount": 4
      },
      {
        "type": "minecraft:creeper",
        "weight": 100,
        "minCount": 4,
        "maxCount": 4
      },
      {
        "type": "minecraft:slime",
        "weight": 100,
        "minCount": 4,
        "maxCount": 4
      },
      {
        "type": "minecraft:enderman",
        "weight": 10,
        "minCount": 1,
        "maxCount": 4
      },
      {
        "type": "minecraft:witch",
        "weight": 5,
        "minCount": 1,
        "maxCount": 1
      },
      {
        "type": "minecraft:drowned",
        "weight": 50,
        "minCount": 1,
        "maxCount": 5
      },
      {
        "type": "mutantbeasts:mutant_zombie",
        "weight": 20,
        "minCount": 1,
        "maxCount": 2
      },
      {
        "type": "mutantbeasts:mutant_skeleton",
        "weight": 20,
        "minCount": 1,
        "maxCount": 2
      },
      {
        "type": "mutantbeasts:spider_pig",
        "weight": 10,
        "minCount": 1,
        "maxCount": 2
      },
      {
        "type": "mutantbeasts:mutant_creeper",
        "weight": 10,
        "minCount": 1,
        "maxCount": 1
      },
      {
        "type": "mutantbeasts:mutant_enderman",
        "weight": 10,
        "minCount": 1,
        "maxCount": 1
      },
      {
        "type": "mutantbeasts:creeper_minion",
        "weight": 30,
        "minCount": 1,
        "maxCount": 5
      }
    ],
    "creature": [
      {
        "type": "minecraft:turtle",
        "weight": 5,
        "minCount": 2,
        "maxCount": 5
      }
    ],
    "ambient": [
      {
        "type": "minecraft:bat",
        "weight": 10,
        "minCount": 8,
        "maxCount": 8
      }
    ],
    "water_creature": [
      {
        "type": "minecraft:squid",
        "weight": 1,
        "minCount": 1,
        "maxCount": 4
      },
      {
        "type": "minecraft:dolphin",
        "weight": 1,
        "minCount": 1,
        "maxCount": 2
      }
    ],
    "water_ambient": [
      {
        "type": "minecraft:cod",
        "weight": 10,
        "minCount": 3,
        "maxCount": 6
      }
    ],
    "misc": []
  },
  "spawn_costs": {}
}