{
  "spawn_costs": {},
  "player_spawn_friendly": false,
  "category": "nether",
  "precipitation": "none",
  "temperature": 2.0,
  "downfall": 0.0,
  "depth": 0.1,
  "scale": 0.2,
  "effects": {
    "mood_sound": {
      "sound": "minecraft:ambient.soul_sand_valley.mood",
      "tick_delay": 6000,
      "block_search_extent": 8,
      "offset": 2.0
    },
    "additions_sound": {
      "sound": "minecraft:ambient.soul_sand_valley.additions",
      "tick_chance": 0.0111
    },
    "music": {
      "sound": "minecraft:music.nether.soul_sand_valley",
      "min_delay": 12000,
      "max_delay": 24000,
      "replace_current_music": false
    },
    "particle": {
      "options": {
        "type": "minecraft:ash"
      },
      "probability": 0.00625
    },
    "ambient_sound": "minecraft:ambient.soul_sand_valley.loop",
    "sky_color": 813927,
    "foliage_color": 8075008,
    "grass_color": 9259264,
    "fog_color": 1787717,
    "water_color": 12411469,
    "water_fog_color": 12076846
  },
  "surface_builder": "minecraft:soul_sand_valley",
  "carvers": {
    "air": [
      "ultra_amplified_dimension:cave_cavity",
      "ultra_amplified_dimension:nether_ravine",
      "ultra_amplified_dimension:long_ravine"
    ],
    "liquid": [
    ]
  },
  "features": [
    [
        "ultra_amplified_dimension:misc/contain_underground_liquids"
    ],
    [],
    [
        "ultra_amplified_dimension:misc/contain_liquid_for_oceans",
        "minecraft:basalt_pillar"
    ],
    [],
    [],
    [
        "ultra_amplified_dimension:dungeons/nether_high",
        "ultra_amplified_dimension:dungeons/nether_middle",
        "ultra_amplified_dimension:dungeons/nether_bottom"
    ],
    [
      "ultra_amplified_dimension:springs/lava_ceiling",
      "ultra_amplified_dimension:nether/ceiling_glowstone",
      "ultra_amplified_dimension:nether/glowstone",
      "ultra_amplified_dimension:ores/ore_magma",
      "ultra_amplified_dimension:ores/ore_magma_sparse",
      "ultra_amplified_dimension:springs/lava_concealed_nether",
      "minecraft:ore_soul_sand",
      "ultra_amplified_dimension:ores/ore_soul_sand_dense",
      "ultra_amplified_dimension:ores/ore_soul_soil_dense",
      "minecraft:ore_gravel_nether",
      "minecraft:ore_blackstone",
      "minecraft:ore_gold_nether",
      "ultra_amplified_dimension:ores/ore_quartz_nether_rare",
      "ultra_amplified_dimension:ores/ore_quartz_nether_lower",
      "ultra_amplified_dimension:ores/ore_quartz_nether_sealevel",
      "minecraft:ore_debris_large",
      "minecraft:ore_debris_small"
    ],
    [
      "minecraft:patch_fire",
      "ultra_amplified_dimension:nether/patch_fire",
      "minecraft:patch_soul_fire",
      "ultra_amplified_dimension:nether/patch_soul_fire",
      "ultra_amplified_dimension:springs/lava_dense_nether",
      "ultra_amplified_dimension:springs/lava_floor",
      "ultra_amplified_dimension:nether/patch_netherwart_sparse",
      "ultra_amplified_dimension:nether/patch_netherwart_underground_sparse",
      "ultra_amplified_dimension:nether/patch_crimson_roots_sparse"
    ],
    [
      "ultra_amplified_dimension:nether/nether_sea_adjuster",
      "ultra_amplified_dimension:misc/snow_ice_layer_handler_feature"
    ]
  ],
  "starts": [
    "minecraft:ruined_portal_nether",
    "minecraft:fortress",
    "minecraft:nether_fossil",
    "minecraft:bastion_remnant"
  ],
  "spawners": {
    "monster": [
      {
        "type": "minecraft:skeleton",
        "weight": 20,
        "minCount": 5,
        "maxCount": 5
      },
      {
        "type": "minecraft:ghast",
        "weight": 50,
        "minCount": 4,
        "maxCount": 4
      },
      {
        "type": "minecraft:enderman",
        "weight": 1,
        "minCount": 4,
        "maxCount": 4
      }
    ],
    "creature": [
      {
        "type": "minecraft:strider",
        "weight": 60,
        "minCount": 1,
        "maxCount": 2
      }
    ],
    "ambient": [],
    "water_creature": [],
    "water_ambient": [],
    "misc": []
  },
  "spawn_costs": {
    "minecraft:skeleton": {
      "energy_budget": 0.15,
      "charge": 0.7
    },
    "minecraft:ghast": {
      "energy_budget": 0.15,
      "charge": 0.7
    },
    "minecraft:enderman": {
      "energy_budget": 0.15,
      "charge": 0.7
    },
    "minecraft:strider": {
      "energy_budget": 0.15,
      "charge": 0.7
    }
  }
}