{
  "config": {
    "feature": {
      "config": {
        "feature": {
          "config": {
            "feature": {
              "config": {
                "target": {
                  "tag": "minecraft:base_stone_overworld",
                  "predicate_type": "minecraft:tag_match"
                },
                "state": {
                  "Name": "minecraft:andesite"
                },
                "size": 17
              },
              "type": "ultra_amplified_dimension:ellipsoid_pocket"
            },
            "decorator": {
              "config": {
                "baseline": 66,
                "spread": 15
              },
              "type": "minecraft:depth_average"
            }
          },
          "type": "minecraft:decorated"
        },
        "decorator": {
          "config": {},
          "type": "minecraft:square"
        }
      },
      "type": "minecraft:decorated"
    },
    "decorator": {
      "config": {
        "count": 3,
        "extra_chance": 0,
        "extra_count": 0
      },
      "type": "minecraft:count_extra"
    }
  },
  "type": "minecraft:decorated"
}