{
  "config": {
    "feature": {
      "config": {
        "feature": {
          "config": {
            "target": {
              "tag": "minecraft:base_stone_nether",
              "predicate_type": "minecraft:tag_match"
            },
            "state": {
              "Name": "minecraft:ancient_debris"
            },
            "size": 3
          },
          "type": "minecraft:no_surface_ore"
        },
        "decorator": {
          "config": {
            "baseline": 16,
            "spread": 8
          },
          "type": "minecraft:depth_average"
        }
      },
      "type": "minecraft:decorated"
    },
    "decorator": {
      "config": {},
      "type": "minecraft:square"
    }
  },
  "type": "minecraft:decorated"
}