{
  "config": {
    "feature": {
      "config": {
        "feature": {
          "config": {
            "feature": {
              "config": {
                "target": {
                  "Name": "minecraft:stone"
                },
                "state": {
                  "Name": "minecraft:emerald_ore"
                }
              },
              "type": "minecraft:emerald_ore"
            },
            "decorator": {
              "config": {
                "bottom_offset": 2,
                "top_offset": 0,
                "maximum": 254
              },
              "type": "minecraft:range"
            }
          },
          "type": "minecraft:decorated"
        },
        "decorator": {
          "config": {},
          "type": "minecraft:square"
        }
      },
      "type": "minecraft:decorated"
    },
    "decorator": {
      "config": {
        "count": 30,
        "extra_chance": 0.4,
        "extra_count": 20      
      },
      "type": "minecraft:count_extra"
    }
  },
  "type": "minecraft:decorated"
}