{
  "config": {
    "feature": {
      "config": {
        "feature": {
          "config": {
            "feature": {
              "config": {
                "target": {
                  "block": "minecraft:netherrack",
                  "predicate_type": "minecraft:block_match"
                },
                "state": {
                  "Name": "minecraft:blackstone"
                },
                "size": 17
              },
              "type": "ultra_amplified_dimension:ellipsoid_pocket"
            },
            "decorator": {
              "config": {
                "bottom_offset": 5,
                "top_offset": 10,
                "maximum": 37
              },
              "type": "minecraft:range"
            }
          },
          "type": "minecraft:decorated"
        },
        "decorator": {
          "config": {},
          "type": "minecraft:square"
        }
      },
      "type": "minecraft:decorated"
    },
    "decorator": {
      "config": {
        "count": 2,
        "extra_chance": 0,
        "extra_count": 0
      },
      "type": "minecraft:count_extra"
    }
  },
  "type": "minecraft:decorated"
}