{
  "config": {
    "feature": {
      "config": {
        "feature": {
          "config": {
            "can_replace": false,
            "project": false,
            "need_water": false,
            "xspread": 7,
            "yspread": 3,
            "zspread": 7,
            "whitelist": [],
            "blacklist": [],
            "tries": 64,
            "state_provider": {
              "type": "minecraft:forest_flower_provider"
            },
            "block_placer": {
              "type": "minecraft:simple_block_placer"
            }
          },
          "type": "minecraft:flower"
        },
        "decorator": {
          "config": {
            "yoffset": 1
          },
          "type": "ultra_amplified_dimension:y_offset_placer"
        }
      },
      "type": "minecraft:decorated"
    },
    "decorator": {
      "config": {
        "column_passes": 4,
        "valid_spot_chance": 0.8,
        "skip_top_ledge": false,
        "underside_only": false
      },
      "type": "ultra_amplified_dimension:ledge_surface_placer"
    }
  },
  "type": "minecraft:decorated"
}