{
  "config": {
    "feature": {
      "config": {
        "feature": {
          "config": {
            "feature": {
              "config": {
                "rock_count": 4,
                "hole_count": 1,
                "valid_blocks": [
                  "minecraft:stone",
                  "minecraft:granite",
                  "minecraft:diorite",
                  "minecraft:andesite",
                  "minecraft:sandstone",
                  "minecraft:red_sandstone"
                ],
                "state": {
                  "Properties": {
                    "falling": "true"
                  },
                  "Name": "minecraft:lava"
                },
                "requires_block_below": true
              },
              "type": "minecraft:spring_feature"
            },
            "decorator": {
              "config": {
                "bottom_offset": 75,
                "top_offset": 0,
                "maximum": 175
              },
              "type": "minecraft:range_very_biased"
            }
          },
          "type": "minecraft:decorated"
        },
        "decorator": {
          "config": {},
          "type": "minecraft:square"
        }
      },
      "type": "minecraft:decorated"
    },
    "decorator": {
      "config": {
        "count": 1,
        "extra_chance": 0,
        "extra_count": 0
      },
      "type": "minecraft:count_extra"
    }
  },
  "type": "minecraft:decorated"
}