{
  "config": {
    "feature": {
      "config": {
        "feature": {
          "config": {
            "state": {
              "Name": "minecraft:green_concrete_powder"
            },
            "radius": {
              "base": 6,
              "spread": 2
            },
            "half_height": 2,
            "targets": [
              {
                "Properties": {
                  "snowy": "false"
                },
                "Name": "minecraft:grass_block"
              },
              {
                "Name": "minecraft:dirt"
              }
            ]
          },
          "type": "ultra_amplified_dimension:disk_dry"
        },
        "decorator": {
          "config": {
            "outer": {
              "config": {},
              "type": "minecraft:square"
            },
            "inner": {
              "config": {},
              "type": "minecraft:heightmap"
            }
          },
          "type": "minecraft:decorated"
        }
      },
      "type": "minecraft:decorated"
    },
    "decorator": {
      "config": {
        "count": 0,
        "extra_chance": 0.02,
        "extra_count": 1
      },
      "type": "minecraft:count_extra"
    }
  },
  "type": "minecraft:decorated"
}