{
  "config": {
    "feature": {
      "config": {
        "feature": {
          "config": {
            "feature": {
              "config": {
                "max_radius": 6,
                "min_radius": 5,
                "boulder_stack_count": 14,
                "boulder_blocks" : [
                    {
                        "state": { "Name": "minecraft:diamond_ore" },
                        "weight": 1
                    },
                    {
                        "state": { "Name": "minecraft:iron_ore" },
                        "weight": 48
                    },
                    {
                        "state": { "Name": "minecraft:coal_ore" },
                        "weight": 82
                    },
                    {
                        "state": { "Name": "minecraft:andesite" },
                        "weight": 178
                    },
                    {
                        "state": { "Name": "minecraft:cobblestone" },
                        "weight": 102
                    },
                    {
                        "state": { "Name": "minecraft:mossy_cobblestone" },
                        "weight": 930
                    }
                ]
              },
              "type": "ultra_amplified_dimension:boulders"
            },
            "decorator": {
              "config": {
                "outer": {
                  "config": {},
                  "type": "minecraft:heightmap_world_surface"
                },
                "inner": {
                  "config": {
                    "yoffset": -1
                  },
                  "type": "ultra_amplified_dimension:y_offset_placer"
                }
              },
              "type": "minecraft:decorated"
            }
          },
          "type": "minecraft:decorated"
        },
        "decorator": {
          "config": {},
          "type": "minecraft:square"
        }
      },
      "type": "minecraft:decorated"
    },
    "decorator": {
      "config": {
        "count": 0,
        "extra_chance": 0.1,
        "extra_count": 1      
      },
      "type": "minecraft:count_extra"
    }
  },
  "type": "minecraft:decorated"
}