{
  "config": {
    "feature": {
      "config": {
        "feature": {
          "config": {
            "feature": {
              "config": {
                "max_radius": 2,
                "min_radius": 1,
                "boulder_blocks" :  [
                    {
                        "state": { "Name": "minecraft:infested_stone" },
                        "weight": 10
                    },
                    {
                        "state": { "Name": "minecraft:iron_ore" },
                        "weight": 20
                    },
                    {
                        "state": { "Name": "minecraft:coal_ore" },
                        "weight": 20
                    },
                    {
                        "state": { "Name": "minecraft:cobblestone" },
                        "weight": 250
                    },
                    {
                        "state": { "Name": "minecraft:stone" },
                        "weight": 500
                    }
                ]
              },
              "type": "ultra_amplified_dimension:boulders"
            },
            "decorator": {
              "config": {
                "outer": {
                  "config": {},
                  "type": "minecraft:heightmap_world_surface"
                },
                "inner": {
                  "config": {
                    "yoffset": -1
                  },
                  "type": "ultra_amplified_dimension:y_offset_placer"
                }
              },
              "type": "minecraft:decorated"
            }
          },
          "type": "minecraft:decorated"
        },
        "decorator": {
          "config": {},
          "type": "minecraft:square"
        }
      },
      "type": "minecraft:decorated"
    },
    "decorator": {
      "config": {
        "count": 0,
        "extra_chance": 0.2,
        "extra_count": 1      
      },
      "type": "minecraft:count_extra"
    }
  },
  "type": "minecraft:decorated"
}