{
  "config": {
    "feature": {
      "config": {
        "feature": {
          "config": {
            "feature": {
              "config": {
                "max_radius": 1,
                "min_radius": 1,
                "heightmap_spread": false,
                "boulder_blocks" :  [
                    {
                        "state": { "Name": "minecraft:infested_stone" },
                        "weight": 5
                    },
                    {
                        "state": { "Name": "minecraft:iron_ore" },
                        "weight": 5
                    },
                    {
                        "state": { "Name": "minecraft:coal_ore" },
                        "weight": 10
                    },
                    {
                        "state": { "Name": "minecraft:mossy_cobblestone" },
                        "weight": 100
                    },
                    {
                        "state": { "Name": "minecraft:cobblestone" },
                        "weight": 350
                    },
                    {
                        "state": { "Name": "minecraft:stone" },
                        "weight": 700
                    }
                ]
              },
              "type": "ultra_amplified_dimension:boulders"
            },
            "decorator": {
              "config": {
                "yoffset": 0
              },
              "type": "ultra_amplified_dimension:y_offset_placer"
            }
          },
          "type": "minecraft:decorated"
        },
        "decorator": {
          "config": {
            "column_passes": 2,
            "valid_spot_chance": 0.75,
            "skip_top_ledge": false,
            "underside_only": false
          },
          "type": "ultra_amplified_dimension:ledge_surface_placer"
        }
      },
      "type": "minecraft:decorated"
    },
    "decorator": {
      "config": {
        "noise_level": -0.3,
        "below_noise": 0,
        "above_noise": 1
      },
      "type": "minecraft:count_noise"
    }
  },
  "type": "minecraft:decorated"
}