{
  "repurposed_structures:shipwrecks": {
    "criteria": {
      "always": "2021-05-02 14:09:53 -0600"
    },
    "done": true
  },
  "create:root": {
    "criteria": {
      "0": "2021-05-02 14:09:53 -0600"
    },
    "done": true
  },
  "repurposed_structures:fortresses": {
    "criteria": {
      "always": "2021-05-02 14:09:53 -0600"
    },
    "done": true
  },
  "repurposed_structures:outposts": {
    "criteria": {
      "always": "2021-05-02 14:09:53 -0600"
    },
    "done": true
  },
  "repurposed_structures:igloos": {
    "criteria": {
      "always": "2021-05-02 14:09:53 -0600"
    },
    "done": true
  },
  "repurposed_structures:pyramids": {
    "criteria": {
      "always": "2021-05-02 14:09:53 -0600"
    },
    "done": true
  },
  "repurposed_structures:witch_huts": {
    "criteria": {
      "always": "2021-05-02 14:09:53 -0600"
    },
    "done": true
  },
  "repurposed_structures:temples": {
    "criteria": {
      "always": "2021-05-02 14:09:53 -0600"
    },
    "done": true
  },
  "repurposed_structures:ruins": {
    "criteria": {
      "always": "2021-05-02 14:09:53 -0600"
    },
    "done": true
  },
  "repurposed_structures:villages": {
    "criteria": {
      "always": "2021-05-02 14:09:53 -0600"
    },
    "done": true
  },
  "silentgear:recipes/silentgear/rough_rod2": {
    "criteria": {
      "has_item": "2021-05-02 14:10:03 -0600"
    },
    "done": true
  },
  "repurposed_structures:ruined_portals": {
    "criteria": {
      "always": "2021-05-02 14:09:53 -0600"
    },
    "done": true
  },
  "apotheosis:spawner/root": {
    "criteria": {
      "game_start": "2021-05-02 14:09:53 -0600"
    },
    "done": true
  },
  "repurposed_structures:cities": {
    "criteria": {
      "always": "2021-05-02 14:09:53 -0600"
    },
    "done": true
  },
  "repurposed_structures:mineshafts": {
    "criteria": {
      "always": "2021-05-02 14:09:53 -0600"
    },
    "done": true
  },
  "repurposed_structures:mansions": {
    "criteria": {
      "always": "2021-05-02 14:09:53 -0600"
    },
    "done": true
  },
  "repurposed_structures:strongholds": {
    "criteria": {
      "always": "2021-05-02 14:09:53 -0600"
    },
    "done": true
  },
  "repurposed_structures:root": {
    "criteria": {
      "always": "2021-05-02 14:09:53 -0600"
    },
    "done": true
  },
  "DataVersion": 2586
}