{
  "bookGuiScale": 0,
  "clickedVisualize": false,
  "bookData": {
    "patchouli:chaos": {
      "viewedEntries": [
        "patchouli:day_1",
        "patchouli:day_2",
        "patchouli:day_3",
        "patchouli:day_4",
        "patchouli:day_5",
        "patchouli:day_6",
        "patchouli:day_7",
        "patchouli:ig_commands",
        "patchouli:grapple_hook_recipes",
        "patchouli:dank",
        "patchouli:wyrmroost"
      ],
      "bookmarks": [],
      "history": [
        "patchouli:wyrmroost",
        "patchouli:dank",
        "patchouli:day_7",
        "patchouli:day_6",
        "patchouli:day_5",
        "patchouli:day_1",
        "patchouli:grapple_hook_recipes",
        "patchouli:ig_commands",
        "patchouli:day_4",
        "patchouli:day_3",
        "patchouli:day_2"
      ],
      "completedManualQuests": []
    }
  }
}