{
  "config": {
    "max_water_depth": 0,
    "ignore_vines": true,
    "heightmap": "OCEAN_FLOOR",
    "minimum_size": {
      "limit": 2,
      "lower_size": 0,
      "upper_size": 2,
      "type": "minecraft:two_layers_feature_size"
    },
    "decorators": [
      {
        "provider": {
          "state": {
            "Name": "minecraft:blue_terracotta"
          },
          "type": "minecraft:simple_state_provider"
        },
        "radius": 3,
        "type": "ultra_amplified_dimension:disk_ground_decorator"
      }
    ],
    "trunk_provider": {
      "state": {
        "Properties": {
          "axis": "y"
        },
        "Name": "minecraft:birch_log"
      },
      "type": "minecraft:simple_state_provider"
    },
    "leaves_provider": {
      "state": {
        "Properties": {
          "persistent": "false",
          "distance": "7"
        },
        "Name": "minecraft:oak_leaves"
      },
      "type": "minecraft:simple_state_provider"
    },
    "foliage_placer": {
      "radius": 2,
      "offset": 0,
      "height": 3,
      "type": "minecraft:blob_foliage_placer"
    },
    "trunk_placer": {
      "base_height": 4,
      "height_rand_a": 1,
      "height_rand_b": 1,
      "type": "minecraft:straight_trunk_placer"
    }
  },
  "type": "minecraft:tree"
}