{
  "config": {
    "feature": {
      "config": {
        "state_provider": {
          "entries": [
            {
              "weight": 85,
              "data": {
                "Name": "minecraft:warped_roots"
              }
            },
            {
              "weight": 1,
              "data": {
                "Name": "minecraft:crimson_roots"
              }
            },
            {
              "weight": 13,
              "data": {
                "Name": "minecraft:warped_fungus"
              }
            },
            {
              "weight": 1,
              "data": {
                "Name": "minecraft:crimson_fungus"
              }
            }
          ],
          "type": "minecraft:weighted_state_provider"
        }
      },
      "type": "minecraft:nether_forest_vegetation"
    },
    "decorator": {
      "config": {
        "count": 5
      },
      "type": "minecraft:count_multilayer"
    }
  },
  "type": "minecraft:decorated"
}